{"token_acc": 1.0, "token_p": 1.0, "token_r": 1.0, "token_f": 1.0, "sents_p": null, "sents_r": null, "sents_f": null, "tag_acc": null, "pos_acc": null, "morph_acc": null, "morph_micro_p": null, "morph_micro_r": null, "morph_micro_f": null, "morph_per_feat": null, "dep_uas": null, "dep_las": null, "dep_las_per_type": null, "ents_p": 0.9420289855072463, "ents_r": 0.9027777777777778, "ents_f": 0.9219858156028369, "ents_per_type": {"MERCHANT": {"p": 0.9649122807017544, "r": 0.9166666666666666, "f": 0.9401709401709402}, "NAMA_PDAM": {"p": 1.0, "r": 0.9107142857142857, "f": 0.9532710280373832}, "TANGGAL_PEMBAYARAN": {"p": 0.9661016949152542, "r": 0.9661016949152542, "f": 0.9661016949152542}, "NAMA_PELANGGAN": {"p": 0.9272727272727272, "r": 0.9107142857142857, "f": 0.918918918918919}, "ALAMAT_PELANGGAN": {"p": 1.0, "r": 0.8461538461538461, "f": 0.9166666666666666}, "GOLONGAN": {"p": 0.8, "r": 0.6, "f": 0.6857142857142857}, "PERIODE": {"p": 0.9107142857142857, "r": 0.9107142857142857, "f": 0.9107142857142857}, "METER_AKHIR": {"p": 0.7777777777777778, "r": 0.875, "f": 0.823529411764706}, "TOTAL_TAGIHAN": {"p": 0.9122807017543859, "r": 0.8813559322033898, "f": 0.8965517241379309}, "PEMAKAIAN": {"p": 0.88, "r": 0.88, "f": 0.88}, "METER_AWAL": {"p": 1.0, "r": 0.7777777777777778, "f": 0.8750000000000001}, "NO_PELANGGAN": {"p": 1.0, "r": 0.9555555555555556, "f": 0.9772727272727273}, "METER_AWAL_AKHIR": {"p": 0.9473684210526315, "r": 0.9473684210526315, "f": 0.9473684210526315}}, "cats_score": 0.0, "cats_score_desc": "macro F", "cats_micro_p": 0.0, "cats_micro_r": 0.0, "cats_micro_f": 0.0, "cats_macro_p": 0.0, "cats_macro_r": 0.0, "cats_macro_f": 0.0, "cats_macro_auc": 0.0, "cats_f_per_type": {}, "cats_auc_per_type": {}}